{"introPage":{"showIntroPage":false,"startButtonText":"Start Quiz","introduction":""},"progressType":"dots","passPercentage":70,"questions":[{"params":{"media":{"params":{"contentName":"Figura","file":{"path":"images/file-5b54f38149e14.jpg","mime":"image/jpeg","copyright":{"license":"U"},"width":700,"height":467},"alt":"Mujer de negocios sentada frente una computadora portátil.","title":"Foto de rawpixel, tomada de Unsplash"},"library":"H5P.Image 1.0","subContentId":"c26abab8-b925-45c1-ba2d-f3f4958a0030"},"correct":"false","l10n":{"trueText":"Sí contribuye a mantener tu buen estado de salud","falseText":"No contribuye a mantener tu buen estado de salud","score":"Obtuviste @score puntos de @total","checkAnswer":"Revisar","showSolutionButton":"Mostrar solución","tryAgain":"Reintentar","wrongAnswerMessage":"Respuesta equivocada","correctAnswerMessage":"Respuesta correcta","scoreBarLabel":"Obtuviste :num puntos de :total"},"behaviour":{"enableRetry":true,"enableSolutionsButton":true,"enableCheckButton":true,"disableImageZooming":false,"confirmCheckDialog":false,"confirmRetryDialog":false,"autoCheck":false},"confirmCheck":{"header":"¿Finalizar?","body":"<p>¿Seguro(a) que querés finalizar?</p>\n","cancelLabel":"Cancelar","confirmLabel":"Finalizar"},"confirmRetry":{"header":"¿Reintentar?","body":"<p>¿Srguro(a) que querés reintentarlo?</p>\n","cancelLabel":"Cancelar","confirmLabel":"Confirmar"},"question":"<p>Trabajar 10 horas seguidas para al día siguiente dormir hasta mediodía.</p>\n"},"library":"H5P.TrueFalse 1.4","subContentId":"745bc335-9b58-46fc-a7a4-b6840ce3c1ee"},{"params":{"media":{"params":{"contentName":"Figura","file":{"path":"images/file-5b54f3d8298c6.jpg","mime":"image/jpeg","copyright":{"license":"U"},"width":700,"height":467},"alt":"Hombre sosteniendo una taza de café y viendo el reloj.","title":"Foto de rawpixel, tomada de Unsplash"},"library":"H5P.Image 1.0","subContentId":"26b819fd-2fab-4c36-830d-7a5be44c53c1"},"correct":"true","l10n":{"trueText":"Sí contribuye a mantener tu buen estado de salud","falseText":"No contribuye a mantener tu buen estado de salud","score":"Obtuviste @score puntos de @total","checkAnswer":"Revisar","showSolutionButton":"Mostrar solución","tryAgain":"Reintentar","wrongAnswerMessage":"Respuesta equivocada","correctAnswerMessage":"Respuesta correcta","scoreBarLabel":"Obtuviste :num puntos de :total"},"behaviour":{"enableRetry":true,"enableSolutionsButton":true,"enableCheckButton":true,"disableImageZooming":false,"confirmCheckDialog":false,"confirmRetryDialog":false,"autoCheck":false},"confirmCheck":{"header":"¿Finalizar?","body":"<p>¿Seguro(a) que querés finalizar?</p>\n","cancelLabel":"Cancelar","confirmLabel":"Finalizar"},"confirmRetry":{"header":"¿Reintentar?","body":"<p>¿Srguro(a) que querés reintentarlo?</p>\n","cancelLabel":"Cancelar","confirmLabel":"Confirmar"},"question":"<p>Realizar micropausas mientras se trabaja.</p>\n"},"library":"H5P.TrueFalse 1.4","subContentId":"5b780521-99dd-4809-93d7-418abbb8045b"},{"params":{"media":{"params":{"contentName":"Figura","file":{"path":"images/file-5b54f406a03b4.jpg","mime":"image/jpeg","copyright":{"license":"U"},"width":700,"height":525},"alt":"Lápiz sobre un exámen de matemática","title":"Foto de Chris Liverani, tomada de Unsplash"},"library":"H5P.Image 1.0","subContentId":"37b8a9b7-699e-4fd6-9e26-a6aa1df627e6"},"correct":"false","l10n":{"trueText":"Sí contribuye a mantener tu buen estado de salud","falseText":"No contribuye a mantener tu buen estado de salud","score":"Obtuviste @score puntos de @total","checkAnswer":"Revisar","showSolutionButton":"Mostrar solución","tryAgain":"Reintentar","wrongAnswerMessage":"Respuesta equivocada","correctAnswerMessage":"Respuesta correcta","scoreBarLabel":"Obtuviste :num puntos de :total"},"behaviour":{"enableRetry":true,"enableSolutionsButton":true,"enableCheckButton":true,"disableImageZooming":false,"confirmCheckDialog":false,"confirmRetryDialog":false,"autoCheck":false},"confirmCheck":{"header":"¿Finalizar?","body":"<p>¿Seguro(a) que querés finalizar?</p>\n","cancelLabel":"Cancelar","confirmLabel":"Finalizar"},"confirmRetry":{"header":"¿Reintentar?","body":"<p>¿Srguro(a) que querés reintentarlo?</p>\n","cancelLabel":"Cancelar","confirmLabel":"Confirmar"},"question":"<p>Solicitar a los hijos o algún familiar ayuda para revisar exámenes.</p>\n"},"library":"H5P.TrueFalse 1.4","subContentId":"8d3a87c9-e984-42d2-8960-9bd853b757a1"},{"params":{"media":{"params":{"contentName":"Figura","file":{"path":"images/file-5b54f442d1003.jpg","mime":"image/jpeg","copyright":{"license":"U"},"width":700,"height":525},"alt":"Persona cocinando vegetales en un sartén","title":"Foto de  Simon Migaj, tomada de Unsplash"},"library":"H5P.Image 1.0","subContentId":"f0a1df00-5930-4209-8cb4-947fb34957cc"},"correct":"true","l10n":{"trueText":"Sí contribuye a mantener tu buen estado de salud","falseText":"No contribuye a mantener tu buen estado de salud","score":"Obtuviste @score puntos de @total","checkAnswer":"Revisar","showSolutionButton":"Mostrar solución","tryAgain":"Reintentar","wrongAnswerMessage":"Respuesta equivocada","correctAnswerMessage":"Respuesta correcta","scoreBarLabel":"Obtuviste :num puntos de :total"},"behaviour":{"enableRetry":true,"enableSolutionsButton":true,"enableCheckButton":true,"disableImageZooming":false,"confirmCheckDialog":false,"confirmRetryDialog":false,"autoCheck":false},"confirmCheck":{"header":"¿Finalizar?","body":"<p>¿Seguro(a) que querés finalizar?</p>\n","cancelLabel":"Cancelar","confirmLabel":"Finalizar"},"confirmRetry":{"header":"¿Reintentar?","body":"<p>¿Srguro(a) que querés reintentarlo?</p>\n","cancelLabel":"Cancelar","confirmLabel":"Confirmar"},"question":"<p>Alimentarse con comida preparada en su propia casa.</p>\n"},"library":"H5P.TrueFalse 1.4","subContentId":"4b1e629c-76ef-40ac-9625-bbd19ca1e4ae"},{"params":{"media":{"params":{"contentName":"Figura","file":{"path":"images/file-5b54f478691ad.jpg","mime":"image/jpeg","copyright":{"license":"U"},"width":700,"height":467},"alt":"Joven frente a una computadora","title":"Foto de Matt Wildbore, tomada de Unsplash"},"library":"H5P.Image 1.0","subContentId":"77c27ad7-61fa-4e73-b6c3-87e18768b74a"},"correct":"true","l10n":{"trueText":"Sí contribuye a mantener tu buen estado de salud","falseText":"No contribuye a mantener tu buen estado de salud","score":"Obtuviste @score puntos de @total","checkAnswer":"Revisar","showSolutionButton":"Mostrar solución","tryAgain":"Reintentar","wrongAnswerMessage":"Respuesta equivocada","correctAnswerMessage":"Respuesta correcta","scoreBarLabel":"Obtuviste :num puntos de :total"},"behaviour":{"enableRetry":true,"enableSolutionsButton":true,"enableCheckButton":true,"disableImageZooming":false,"confirmCheckDialog":false,"confirmRetryDialog":false,"autoCheck":false},"confirmCheck":{"header":"¿Finalizar?","body":"<p>¿Seguro(a) que querés finalizar?</p>\n","cancelLabel":"Cancelar","confirmLabel":"Finalizar"},"confirmRetry":{"header":"¿Reintentar?","body":"<p>¿Srguro(a) que querés reintentarlo?</p>\n","cancelLabel":"Cancelar","confirmLabel":"Confirmar"},"question":"<p>Trabajar ocho horas máximo.</p>\n"},"library":"H5P.TrueFalse 1.4","subContentId":"76e5fa4d-d55d-4952-a65c-a6a79274d7c2"},{"params":{"media":{"params":{"contentName":"Figura","file":{"path":"images/file-5b54f4b92e887.jpg","mime":"image/jpeg","copyright":{"license":"U"},"width":700,"height":467},"alt":"Mujer viendo el teléfono celular","title":"Foto de Charlz Gutiérrez De Piñeres, tomada de unsplash"},"library":"H5P.Image 1.0","subContentId":"d8a76f11-1fb3-4426-997c-d2666ee50f4a"},"correct":"true","l10n":{"trueText":"Sí contribuye a mantener tu buen estado de salud","falseText":"No contribuye a mantener tu buen estado de salud","score":"Obtuviste @score puntos de @total","checkAnswer":"Revisar","showSolutionButton":"Mostrar solución","tryAgain":"Reintentar","wrongAnswerMessage":"Respuesta equivocada","correctAnswerMessage":"Respuesta correcta","scoreBarLabel":"Obtuviste :num puntos de :total"},"behaviour":{"enableRetry":true,"enableSolutionsButton":true,"enableCheckButton":true,"disableImageZooming":false,"confirmCheckDialog":false,"confirmRetryDialog":false,"autoCheck":false},"confirmCheck":{"header":"¿Finalizar?","body":"<p>¿Seguro(a) que querés finalizar?</p>\n","cancelLabel":"Cancelar","confirmLabel":"Finalizar"},"confirmRetry":{"header":"¿Reintentar?","body":"<p>¿Srguro(a) que querés reintentarlo?</p>\n","cancelLabel":"Cancelar","confirmLabel":"Confirmar"},"question":"<p>Mantenerse en concentración y desactivar chat, apagar el teléfono y evitar cualquier distracción todos los días y durante todo el horario laboral.</p>\n"},"library":"H5P.TrueFalse 1.4","subContentId":"5b6ff02e-c22d-4440-bfed-11d4028892b2"},{"params":{"media":{"params":{"contentName":"Figura","file":{"path":"images/file-5b54f4eb373e9.jpg","mime":"image/jpeg","copyright":{"license":"U"},"width":700,"height":525},"alt":"Persona trotando en un parque.","title":"Foto de Arek Adeoye, tomada de Unsplash"},"library":"H5P.Image 1.0","subContentId":"934487e8-0153-4179-b166-1103f9992bda"},"correct":"true","l10n":{"trueText":"Sí contribuye a mantener tu buen estado de salud","falseText":"No contribuye a mantener tu buen estado de salud","score":"Obtuviste @score puntos de @total","checkAnswer":"Revisar","showSolutionButton":"Mostrar solución","tryAgain":"Reintentar","wrongAnswerMessage":"Respuesta equivocada","correctAnswerMessage":"Respuesta correcta","scoreBarLabel":"Obtuviste :num puntos de :total"},"behaviour":{"enableRetry":true,"enableSolutionsButton":true,"enableCheckButton":true,"disableImageZooming":false,"confirmCheckDialog":false,"confirmRetryDialog":false,"autoCheck":false},"confirmCheck":{"header":"¿Finalizar?","body":"<p>¿Seguro(a) que querés finalizar?</p>\n","cancelLabel":"Cancelar","confirmLabel":"Finalizar"},"confirmRetry":{"header":"¿Reintentar?","body":"<p>¿Srguro(a) que querés reintentarlo?</p>\n","cancelLabel":"Cancelar","confirmLabel":"Confirmar"},"question":"<p>Realizar ejercicios.</p>\n"},"library":"H5P.TrueFalse 1.4","subContentId":"46f6bf49-7038-4db0-acc5-69e425155963"},{"params":{"media":{"params":{"contentName":"Figura","file":{"path":"images/file-5b54f51739e60.jpg","mime":"image/jpeg","copyright":{"license":"U"},"width":700,"height":467},"alt":"Muchacha acostada en un sillón con una computadora en el regazo.","title":"Foto de Steinar Engeland, tomada de Unsplash"},"library":"H5P.Image 1.0","subContentId":"d216b7ad-41ff-446f-b19f-e16b88fd5588"},"correct":"false","l10n":{"trueText":"Sí contribuye a mantener tu buen estado de salud","falseText":"No contribuye a mantener tu buen estado de salud","score":"Obtuviste @score puntos de @total","checkAnswer":"Revisar","showSolutionButton":"Mostrar solución","tryAgain":"Reintentar","wrongAnswerMessage":"Respuesta equivocada","correctAnswerMessage":"Respuesta correcta","scoreBarLabel":"Obtuviste :num puntos de :total"},"behaviour":{"enableRetry":true,"enableSolutionsButton":true,"enableCheckButton":true,"disableImageZooming":false,"confirmCheckDialog":false,"confirmRetryDialog":false,"autoCheck":false},"confirmCheck":{"header":"¿Finalizar?","body":"<p>¿Seguro(a) que querés finalizar?</p>\n","cancelLabel":"Cancelar","confirmLabel":"Finalizar"},"confirmRetry":{"header":"¿Reintentar?","body":"<p>¿Srguro(a) que querés reintentarlo?</p>\n","cancelLabel":"Cancelar","confirmLabel":"Confirmar"},"question":"<p>Llevar todos los cursos virtuales que encuentre en la red, sin importar que le consuman hasta las horas de sueño, con tal de estar actualizado en temas laborales y profesionales.</p>\n"},"library":"H5P.TrueFalse 1.4","subContentId":"0612145a-124e-4fe6-83e0-02367319cb29"},{"params":{"media":{"params":{"contentName":"Figura","file":{"path":"images/file-5b54f540770f3.jpg","mime":"image/jpeg","copyright":{"license":"U"},"width":700,"height":414},"alt":"Enfermera tomando presión arterial a paciente","title":"Foto de rawpixel, tomada de Unsplash"},"library":"H5P.Image 1.0","subContentId":"ba4609d7-3fb8-4dd8-b537-dfcc105a39cb"},"correct":"true","l10n":{"trueText":"Sí contribuye a mantener tu buen estado de salud","falseText":"No contribuye a mantener tu buen estado de salud","score":"Obtuviste @score puntos de @total","checkAnswer":"Revisar","showSolutionButton":"Mostrar solución","tryAgain":"Reintentar","wrongAnswerMessage":"Respuesta equivocada","correctAnswerMessage":"Respuesta correcta","scoreBarLabel":"Obtuviste :num puntos de :total"},"behaviour":{"enableRetry":true,"enableSolutionsButton":true,"enableCheckButton":true,"disableImageZooming":false,"confirmCheckDialog":false,"confirmRetryDialog":false,"autoCheck":false},"confirmCheck":{"header":"¿Finalizar?","body":"<p>¿Seguro(a) que querés finalizar?</p>\n","cancelLabel":"Cancelar","confirmLabel":"Finalizar"},"confirmRetry":{"header":"¿Reintentar?","body":"<p>¿Srguro(a) que querés reintentarlo?</p>\n","cancelLabel":"Cancelar","confirmLabel":"Confirmar"},"question":"<p>Realizar exámenes de sangre al menos una vez al año.</p>\n"},"library":"H5P.TrueFalse 1.4","subContentId":"6ed6ddd1-7866-456e-8e10-ba40b5b5fc50"},{"params":{"media":{"params":{"contentName":"Figura","file":{"path":"images/file-5b54f56ecdd85.jpg","mime":"image/jpeg","copyright":{"license":"U"},"width":700,"height":467},"alt":"Tres personas señalando la pantalla de una computadora","title":"Foto de John Schnobrich, tomada de Unsplash"},"library":"H5P.Image 1.0","subContentId":"fbb70c54-0fbd-464f-9075-8bb859230514"},"correct":"true","l10n":{"trueText":"Sí contribuye a mantener tu buen estado de salud","falseText":"No contribuye a mantener tu buen estado de salud","score":"Obtuviste @score puntos de @total","checkAnswer":"Revisar","showSolutionButton":"Mostrar solución","tryAgain":"Reintentar","wrongAnswerMessage":"Respuesta equivocada","correctAnswerMessage":"Respuesta correcta","scoreBarLabel":"Obtuviste :num puntos de :total"},"behaviour":{"enableRetry":true,"enableSolutionsButton":true,"enableCheckButton":true,"disableImageZooming":false,"confirmCheckDialog":false,"confirmRetryDialog":false,"autoCheck":false},"confirmCheck":{"header":"¿Finalizar?","body":"<p>¿Seguro(a) que querés finalizar?</p>\n","cancelLabel":"Cancelar","confirmLabel":"Finalizar"},"confirmRetry":{"header":"¿Reintentar?","body":"<p>¿Srguro(a) que querés reintentarlo?</p>\n","cancelLabel":"Cancelar","confirmLabel":"Confirmar"},"question":"<p>Mantener una diferenciación entre los asuntos de la familia y la oficina.</p>\n"},"library":"H5P.TrueFalse 1.4","subContentId":"6ad2f538-db09-4d52-9c2a-993d21a7e5cc"},{"params":{"media":{"params":{"contentName":"Figura","file":{"path":"images/file-5b54f59762034.jpg","mime":"image/jpeg","copyright":{"license":"U"},"width":700,"height":519},"alt":"Pastillas sobre una mesa","title":"Foto de rawpixel, tomada de Unsplash"},"library":"H5P.Image 1.0","subContentId":"982cb0ac-c75c-4e51-bb1f-11df4cd9b182"},"correct":"false","l10n":{"trueText":"Sí contribuye a mantener tu buen estado de salud","falseText":"No contribuye a mantener tu buen estado de salud","score":"Obtuviste @score puntos de @total","checkAnswer":"Revisar","showSolutionButton":"Mostrar solución","tryAgain":"Reintentar","wrongAnswerMessage":"Respuesta equivocada","correctAnswerMessage":"Respuesta correcta","scoreBarLabel":"Obtuviste :num puntos de :total"},"behaviour":{"enableRetry":true,"enableSolutionsButton":true,"enableCheckButton":true,"disableImageZooming":false,"confirmCheckDialog":false,"confirmRetryDialog":false,"autoCheck":false},"confirmCheck":{"header":"¿Finalizar?","body":"<p>¿Seguro(a) que querés finalizar?</p>\n","cancelLabel":"Cancelar","confirmLabel":"Finalizar"},"confirmRetry":{"header":"¿Reintentar?","body":"<p>¿Srguro(a) que querés reintentarlo?</p>\n","cancelLabel":"Cancelar","confirmLabel":"Confirmar"},"question":"<p>Automedicarse en caso de enfermedad.</p>\n"},"library":"H5P.TrueFalse 1.4","subContentId":"ee0ee530-2a56-4bfb-b6f7-62f38f52b989"},{"params":{"media":{"params":{"contentName":"Figura","file":{"path":"images/file-5b54f5c6e69a6.jpg","mime":"image/jpeg","copyright":{"license":"U"},"width":700,"height":467},"alt":"Mujer tomando notas en una conferencia","title":"Foto de The Climate Reality Project, tomada de Unsplash"},"library":"H5P.Image 1.0","subContentId":"efddf979-31ce-485b-be64-a1faa3cad484"},"correct":"true","l10n":{"trueText":"Sí contribuye a mantener tu buen estado de salud","falseText":"No contribuye a mantener tu buen estado de salud","score":"Obtuviste @score puntos de @total","checkAnswer":"Revisar","showSolutionButton":"Mostrar solución","tryAgain":"Reintentar","wrongAnswerMessage":"Respuesta equivocada","correctAnswerMessage":"Respuesta correcta","scoreBarLabel":"Obtuviste :num puntos de :total"},"behaviour":{"enableRetry":true,"enableSolutionsButton":true,"enableCheckButton":true,"disableImageZooming":false,"confirmCheckDialog":false,"confirmRetryDialog":false,"autoCheck":false},"confirmCheck":{"header":"¿Finalizar?","body":"<p>¿Seguro(a) que querés finalizar?</p>\n","cancelLabel":"Cancelar","confirmLabel":"Finalizar"},"confirmRetry":{"header":"¿Reintentar?","body":"<p>¿Srguro(a) que querés reintentarlo?</p>\n","cancelLabel":"Cancelar","confirmLabel":"Confirmar"},"question":"<p>Buscar actualizaciones pertinentes sobre la formación profesional y accionar laboral.</p>\n"},"library":"H5P.TrueFalse 1.4","subContentId":"2282d3fa-dd31-4999-aab4-4aecae951fab"},{"params":{"media":{"params":{"contentName":"Figura","file":{"path":"images/file-5b54f5f4d573f.jpg","mime":"image/jpeg","copyright":{"license":"U"},"width":700,"height":525},"alt":"Mano de persona sosteniendo una bolsa de papel con comida","title":"Foto de Edwin Macalopú Diaz, tomada de Unsplash"},"library":"H5P.Image 1.0","subContentId":"8e200206-0d13-4e97-bb4d-c798e1cd32a2"},"correct":"false","l10n":{"trueText":"Sí contribuye a mantener tu buen estado de salud","falseText":"No contribuye a mantener tu buen estado de salud","score":"Obtuviste @score puntos de @total","checkAnswer":"Revisar","showSolutionButton":"Mostrar solución","tryAgain":"Reintentar","wrongAnswerMessage":"Respuesta equivocada","correctAnswerMessage":"Respuesta correcta","scoreBarLabel":"Obtuviste :num puntos de :total"},"behaviour":{"enableRetry":true,"enableSolutionsButton":true,"enableCheckButton":true,"disableImageZooming":false,"confirmCheckDialog":false,"confirmRetryDialog":false,"autoCheck":false},"confirmCheck":{"header":"¿Finalizar?","body":"<p>¿Seguro(a) que querés finalizar?</p>\n","cancelLabel":"Cancelar","confirmLabel":"Finalizar"},"confirmRetry":{"header":"¿Reintentar?","body":"<p>¿Srguro(a) que querés reintentarlo?</p>\n","cancelLabel":"Cancelar","confirmLabel":"Confirmar"},"question":"<p>Pedir servicio exprés a cualquier comida rápida para evitar cocinar.</p>\n"},"library":"H5P.TrueFalse 1.4","subContentId":"28464680-437a-417d-bdc9-c13dc4ee4abf"},{"params":{"media":{"params":{"contentName":"Figura","file":{"path":"images/file-5b54f61c0071e.jpg","mime":"image/jpeg","copyright":{"license":"U"},"width":700,"height":467},"alt":"Mujer hablando por teléfono","title":"Foto de rawpixel, tomada de Unsplash"},"library":"H5P.Image 1.0","subContentId":"e2475cd5-82ab-4a34-b619-d33d09b3377b"},"correct":"false","l10n":{"trueText":"Sí contribuye a mantener tu buen estado de salud","falseText":"No contribuye a mantener tu buen estado de salud","score":"Obtuviste @score puntos de @total","checkAnswer":"Revisar","showSolutionButton":"Mostrar solución","tryAgain":"Reintentar","wrongAnswerMessage":"Respuesta equivocada","correctAnswerMessage":"Respuesta correcta","scoreBarLabel":"Obtuviste :num puntos de :total"},"behaviour":{"enableRetry":true,"enableSolutionsButton":true,"enableCheckButton":true,"disableImageZooming":false,"confirmCheckDialog":false,"confirmRetryDialog":false,"autoCheck":false},"confirmCheck":{"header":"¿Finalizar?","body":"<p>¿Seguro(a) que querés finalizar?</p>\n","cancelLabel":"Cancelar","confirmLabel":"Finalizar"},"confirmRetry":{"header":"¿Reintentar?","body":"<p>¿Srguro(a) que querés reintentarlo?</p>\n","cancelLabel":"Cancelar","confirmLabel":"Confirmar"},"question":"<p>Mantener una comunicación constante con amigos, familiares y compañeros de trabajo utilizando el teléfono, el chat o cualquier otra herramienta que lo permita.</p>\n"},"library":"H5P.TrueFalse 1.4","subContentId":"6325d637-1c74-4bb3-8ef6-01914dc5d411"},{"params":{"media":{"params":{"contentName":"Figura","file":{"path":"images/file-5b54f6447b2c7.jpg","mime":"image/jpeg","copyright":{"license":"U"},"width":700,"height":525},"alt":"Hombre tomando de una taza y trabajando frente a computadora a oscuras.","title":"Foto de Jack Daniel Ocampo Palacios, tomada de Unsplash"},"library":"H5P.Image 1.0","subContentId":"5be42756-e56c-4d78-8e53-e24900553b11"},"correct":"false","l10n":{"trueText":"Sí contribuye a mantener tu buen estado de salud","falseText":"No contribuye a mantener tu buen estado de salud","score":"Obtuviste @score puntos de @total","checkAnswer":"Revisar","showSolutionButton":"Mostrar solución","tryAgain":"Reintentar","wrongAnswerMessage":"Respuesta equivocada","correctAnswerMessage":"Respuesta correcta","scoreBarLabel":"Obtuviste :num puntos de :total"},"behaviour":{"enableRetry":true,"enableSolutionsButton":true,"enableCheckButton":true,"disableImageZooming":false,"confirmCheckDialog":false,"confirmRetryDialog":false,"autoCheck":false},"confirmCheck":{"header":"¿Finalizar?","body":"<p>¿Seguro(a) que querés finalizar?</p>\n","cancelLabel":"Cancelar","confirmLabel":"Finalizar"},"confirmRetry":{"header":"¿Reintentar?","body":"<p>¿Srguro(a) que querés reintentarlo?</p>\n","cancelLabel":"Cancelar","confirmLabel":"Confirmar"},"question":"<p>Dormir toda la mañana y trabajar en la tarde-noche.</p>\n"},"library":"H5P.TrueFalse 1.4","subContentId":"e626792f-84ac-4584-8516-ced7be499896"}],"texts":{"prevButton":"Pregunta anterior","nextButton":"Pregunta siguiente","finishButton":"Finalizar","textualProgress":"Pregunta: @current de @total","jumpToQuestion":"Pregunta %d de %total","questionLabel":"Pregunta","readSpeakerProgress":"Pregunta @current de @total","unansweredText":"Sin contestada","answeredText":"Contestada","currentQuestionText":"Pregunta actual"},"disableBackwardsNavigation":true,"randomQuestions":true,"endGame":{"showResultPage":true,"showSolutionButton":true,"noResultMessage":"Finalizado","message":"Tu resultado:","overallFeedback":[{"from":0,"to":69,"feedback":"Es recomendable que repasés nuevamente el Capítulo IV. Aspectos médicos para que tengás mayor claridad respecto a las actividades que contribuyen a mantener tu buen estado de salud en caso de incorporarte a teletrabajar."},{"from":70,"to":100,"feedback":"¡Excelente! Identificás con claridad cuáles actividades contribuyen a mantener tu buen estado de salud en caso de incorporarte a teletrabajar."}],"solutionButtonText":"Mostrar solución","retryButtonText":"Reintentar","finishButtonText":"Finalizar","showAnimations":false,"skippable":false,"skipButtonText":"Saltar video"},"override":{"checkButton":false},"poolSize":10}