{"introPage":{"showIntroPage":false,"startButtonText":"Start Quiz","introduction":""},"progressType":"dots","passPercentage":70,"questions":[{"params":{"correct":"true","l10n":{"trueText":"Sí es un accidente laboral","falseText":"No es un accidente laboral","score":"Obtuviste @score de @total puntos","checkAnswer":"Revisar","showSolutionButton":"Mostrar solución","tryAgain":"Reintentar","wrongAnswerMessage":"Respuesta incorrecta","correctAnswerMessage":"Respuesta correcta","scoreBarLabel":"Obtuviste :num de :total puntos"},"behaviour":{"enableRetry":false,"enableSolutionsButton":false,"enableCheckButton":true,"disableImageZooming":false,"confirmCheckDialog":false,"confirmRetryDialog":false,"autoCheck":true,"feedbackOnCorrect":"Sí se considera un accidente laboral porque Erick sufrió el percance con su silla mientras cumplía una asignación de su jefe.","feedbackOnWrong":"Sí se considera un accidente laboral porque Erick sufrió el percance con su silla mientras cumplía una asignación de su jefe."},"confirmCheck":{"header":"¿Finalizar?","body":"<p>¿Seguro(a) que querés finalizar?</p>\n","cancelLabel":"Cancelar","confirmLabel":"Finalizar"},"confirmRetry":{"header":"¿Reintentar?","body":"<p>¿Seguro(a) que querés reintentarlo?</p>\n","cancelLabel":"Cancelar","confirmLabel":"Confirmar"},"question":"<p>Erick mientras elaboraba un informe a su jefe sufre una caída, pues la pata de su silla se quebró y se fracturó un dedo de la mano.</p>\n","media":{"params":{"contentName":"Image","file":{"path":"images/file-5b1e7cd912e41.jpg","mime":"image/jpeg","copyright":{"license":"PD","source":"https://pixabay.com/en/office-startup-business-home-office-594132/","version":"CC0 1.0"},"width":1920,"height":1280},"alt":"Imagen de persona escribiendo en una libreta."},"library":"H5P.Image 1.0","subContentId":"770e5ef7-12d5-42fe-a2f8-1f7fbd140c3a"}},"library":"H5P.TrueFalse 1.4","subContentId":"85174a5d-53fd-4733-a6ad-0c4f5b4b9ada"},{"params":{"correct":"false","l10n":{"trueText":"Sí es un accidente laboral","falseText":"No es un accidente laboral","score":"Obtuviste @score de @total puntos","checkAnswer":"Revisar","showSolutionButton":"Mostrar solución","tryAgain":"Reintentar","wrongAnswerMessage":"Respuesta incorrecta","correctAnswerMessage":"Respuesta correcta","scoreBarLabel":"Obtuviste :num de :total puntos"},"behaviour":{"enableRetry":false,"enableSolutionsButton":false,"enableCheckButton":true,"disableImageZooming":false,"confirmCheckDialog":false,"confirmRetryDialog":false,"autoCheck":true,"feedbackOnCorrect":"No es un caso de accidente laboral porque atender un vendedor no es parte de las funciones de teletrabajo de Dalia.","feedbackOnWrong":"No es un caso de accidente laboral porque atender un vendedor no es parte de las funciones de teletrabajo de Dalia."},"confirmCheck":{"header":"¿Finalizar?","body":"<p>¿Seguro(a) que querés finalizar?</p>\n","cancelLabel":"Cancelar","confirmLabel":"Finalizar"},"confirmRetry":{"header":"¿Reintentar?","body":"<p>¿Seguro(a) que querés reintentarlo?</p>\n","cancelLabel":"Cancelar","confirmLabel":"Confirmar"},"question":"<p>Dalia escucha el timbre de su casa, es un vendedor, abre la puerta y se resbala al salir del portón.</p>\n","media":{"params":{"contentName":"Image","file":{"path":"images/file-5b1e7f8e9cbdf.jpg","mime":"image/jpeg","copyright":{"license":"CC BY-NC-SA","version":"4.0","source":"https://flic.kr/p/4L4t1F"},"width":1280,"height":960},"alt":"Brazo de una presona, tocando el timbre de una casa con el dedo"},"library":"H5P.Image 1.0","subContentId":"0d9da1ea-e80f-4d0d-97b0-226b45cac2a6"}},"library":"H5P.TrueFalse 1.4","subContentId":"644b39d4-bda8-4692-ae47-15ae6384bf53"},{"params":{"correct":"false","l10n":{"trueText":"Sí es un accidente laboral","falseText":"No es un accidente laboral","score":"Obtuviste @score de @total puntos","checkAnswer":"Revisar","showSolutionButton":"Mostrar solución","tryAgain":"Reintentar","wrongAnswerMessage":"Respuesta incorrecta","correctAnswerMessage":"Respuesta correcta","scoreBarLabel":"Obtuviste :num de :total puntos"},"behaviour":{"enableRetry":false,"enableSolutionsButton":false,"enableCheckButton":true,"disableImageZooming":false,"confirmCheckDialog":false,"confirmRetryDialog":false,"autoCheck":true,"feedbackOnCorrect":"No es un caso de accidente laboral porque comprar un refresco en una pulpería cercana no es parte de las funciones de teletrabajo de Wendy.","feedbackOnWrong":"No es un caso de accidente laboral porque comprar un refresco en una pulpería cercana no es parte de las funciones de teletrabajo de Wendy."},"confirmCheck":{"header":"¿Finalizar?","body":"<p>¿Seguro(a) que querés finalizar?</p>\n","cancelLabel":"Cancelar","confirmLabel":"Finalizar"},"confirmRetry":{"header":"¿Reintentar?","body":"<p>¿Seguro(a) que querés reintentarlo?</p>\n","cancelLabel":"Cancelar","confirmLabel":"Confirmar"},"question":"<p>Wendy, quien teletrabaja desde un telecentro, decidió irse a comprar un refresco a la pulpería más cercana, cuando cruzó la calle sufrió un atropello.</p>\n","media":{"params":{"contentName":"Image","file":{"path":"images/file-5b1e80aead644.png","mime":"image/png","copyright":{"license":"CC BY-SA","version":"4.0","source":"https://flic.kr/p/a12JLW"},"width":542,"height":361,"originalImage":{"path":"images/file-5b1e806da7bf6.jpg#tmp","mime":"image/jpeg","height":480,"width":640}},"alt":"Mujer comprando en una tienda."},"library":"H5P.Image 1.0","subContentId":"39005df1-8efa-434d-856b-bd7f58ab613f"}},"library":"H5P.TrueFalse 1.4","subContentId":"9a80d5e5-f17b-4750-aee8-ef31a5f52869"},{"params":{"correct":"true","l10n":{"trueText":"Sí es un accidente laboral","falseText":"No es un accidente laboral","score":"Obtuviste @score de @total puntos","checkAnswer":"Revisar","showSolutionButton":"Mostrar solución","tryAgain":"Reintentar","wrongAnswerMessage":"Respuesta incorrecta","correctAnswerMessage":"Respuesta correcta","scoreBarLabel":"Obtuviste :num de :total puntos"},"behaviour":{"enableRetry":false,"enableSolutionsButton":false,"enableCheckButton":true,"disableImageZooming":false,"confirmCheckDialog":false,"confirmRetryDialog":false,"autoCheck":true,"feedbackOnCorrect":"Se considera un accidente laboral por que Jorge sufrió la lesión mientras cumplía con su trabajo de campo en un parque nacional.","feedbackOnWrong":"Se considera un accidente laboral por que Jorge sufrió la lesión mientras cumplía con su trabajo de campo en un parque nacional."},"confirmCheck":{"header":"¿Finalizar?","body":"<p>¿Seguro(a) que querés finalizar?</p>\n","cancelLabel":"Cancelar","confirmLabel":"Finalizar"},"confirmRetry":{"header":"¿Reintentar?","body":"<p>¿Seguro(a) que querés reintentarlo?</p>\n","cancelLabel":"Cancelar","confirmLabel":"Confirmar"},"question":"<p>Jorge es investigador y como parte de sus actividades teletrabajables debe trasladarse a un parque nacional para recopilar información. Durante su gira, y repentinamente, cae un árbol cerca suyo, lo cual lo deja con heridas considerables.</p>\n","media":{"params":{"contentName":"Image","file":{"path":"images/file-5b1e81338830f.jpg","mime":"image/jpeg","copyright":{"license":"CC BY-NC-SA","version":"4.0","source":"https://flic.kr/p/6qbBML"},"width":640,"height":480},"alt":"Hombre adulto con equipaje para acampar."},"library":"H5P.Image 1.0","subContentId":"33bf253b-e253-4b04-b030-bf1d46b01905"}},"library":"H5P.TrueFalse 1.4","subContentId":"25495213-a3e2-4ff0-a57d-c2ea03cabac8"},{"params":{"correct":"false","l10n":{"trueText":"Sí es un accidente laboral","falseText":"No es un accidente laboral","score":"Obtuviste @score de @total puntos","checkAnswer":"Revisar","showSolutionButton":"Mostrar solución","tryAgain":"Reintentar","wrongAnswerMessage":"Respuesta incorrecta","correctAnswerMessage":"Respuesta correcta","scoreBarLabel":"Obtuviste :num de :total puntos"},"behaviour":{"enableRetry":false,"enableSolutionsButton":false,"enableCheckButton":true,"disableImageZooming":false,"confirmCheckDialog":false,"confirmRetryDialog":false,"autoCheck":true,"feedbackOnCorrect":"No es accidente laboral, porque dentro de las funciones de teletrabajo de Ana no está contemplado el cambio de bombillos.","feedbackOnWrong":"No es accidente laboral, porque dentro de las funciones de teletrabajo de Ana no está contemplado el cambio de bombillos."},"confirmCheck":{"header":"¿Finalizar?","body":"<p>¿Seguro(a) que querés finalizar?</p>\n","cancelLabel":"Cancelar","confirmLabel":"Finalizar"},"confirmRetry":{"header":"¿Reintentar?","body":"<p>¿Seguro(a) que querés reintentarlo?</p>\n","cancelLabel":"Cancelar","confirmLabel":"Confirmar"},"question":"<p>Ana está teletrabajando desde su casa, el bombillo de la oficina se quema, por lo que decide suspender el informe en el que estaba trabajando para sustituirlo. Cuando cambia el bombillo sufre una descarga eléctrica quemándose la mano en segundo grado.</p>\n","media":{"params":{"contentName":"Image","file":{"path":"images/file-5b1e820179f68.jpg","mime":"image/jpeg","copyright":{"license":"CC BY-NC","version":"4.0","source":"https://flic.kr/p/4aKws1"},"width":800,"height":533},"alt":"Mujer cambiando un bombillo."},"library":"H5P.Image 1.0","subContentId":"5b485f79-1034-464d-bf72-bbdbdf6f4fbb"}},"library":"H5P.TrueFalse 1.4","subContentId":"a7e78093-d6e3-49a1-b346-24a02ac36aa0"}],"texts":{"prevButton":"Respuesta previa","nextButton":"Siguiente pregunta","finishButton":"Finalizar","textualProgress":"Pregunta: @current de @total","jumpToQuestion":"Pregunta %d de %total","questionLabel":"Pregunta","readSpeakerProgress":"Pregunta @current de @total","unansweredText":"Sin contestar","answeredText":"Contestada","currentQuestionText":"Pregunta actual"},"disableBackwardsNavigation":false,"randomQuestions":true,"endGame":{"showResultPage":true,"showSolutionButton":true,"noResultMessage":"Finalizado","message":"Su resultado:","overallFeedback":[{"from":0,"to":65,"feedback":"Es recomendable que repasés nuevamente el Capítulo V. Salud Ocupacional para que podás identificar con claridad cuáles situaciones se pueden catalogar como un accidente laboral. Además, podés externar tu consulta al docente facilitador del curso."},{"from":66,"to":100,"feedback":"¡Excelente! comprendiste con claridad las situaciones que se pueden catalogar como un accidente laboral, lo que a futuro te facilitará el procedimiento a seguir en caso de que sufrás un accidente de esta naturaleza."}],"solutionButtonText":"Mostrar solución","retryButtonText":"Reintentar","finishButtonText":"Finalizar","showAnimations":false,"skippable":false,"skipButtonText":"Skip video"},"override":{"checkButton":false}}