{"introPage":{"showIntroPage":false,"startButtonText":"Start Quiz","introduction":""},"progressType":"dots","passPercentage":70,"texts":{"prevButton":"Respuesta previa","nextButton":"Siguiente pregunta","finishButton":"Finalizar","textualProgress":"Pregunta: @current de @total","jumpToQuestion":"Pregunta %d de %total","questionLabel":"Pregunta","readSpeakerProgress":"Pregunta @current de @total","unansweredText":"Sin contestar","answeredText":"Contestada","currentQuestionText":"Pregunta actual"},"disableBackwardsNavigation":true,"randomQuestions":true,"endGame":{"showResultPage":true,"showSolutionButton":true,"noResultMessage":"Finalizado","message":"Su resultado:","overallFeedback":[{"from":0,"to":65,"feedback":"Es recomendable que repasés el Capítulo VI. Aspectos tecnológicos para que tengás más claridad de cómo estas y otras aplicaciones te pueden facilitar la comunicación oportuna tanto con tus superiores como con tus compañeros de trabajo."},{"from":66,"to":100,"feedback":"Reconocés con claridad algunas de las tantas aplicaciones que ofrecen las TIC como apoyo al teletrabajo para facilitar la comunicación oportuna tanto con tus superiores como con tus compañeros de trabajo."}],"solutionButtonText":"Mostrar solución","retryButtonText":"Reintentar","finishButtonText":"Finalizar","showAnimations":false,"skippable":false,"skipButtonText":"Skip video"},"override":{"checkButton":true,"retryButton":"off","showSolutionButton":"off"},"questions":[{"params":{"answers":[{"text":"Dropbox","correct":true,"tipsAndFeedback":{"tip":"","chosenFeedback":"Dropbox le da la posibilidad de almacenar y compartir contenidos a través de la sincronización de computadoras y/o dispositivos móviles.","notChosenFeedback":""}},{"text":"Gmail","correct":false,"tipsAndFeedback":{"tip":"","chosenFeedback":"","notChosenFeedback":""}},{"text":"Wunderlist&nbsp;","correct":false,"tipsAndFeedback":{"tip":"","chosenFeedback":"","notChosenFeedback":""}},{"text":"Prezi","correct":false,"tipsAndFeedback":{"tip":"","chosenFeedback":"","notChosenFeedback":""}},{"text":"Lync","correct":false,"tipsAndFeedback":{"tip":"","chosenFeedback":"","notChosenFeedback":""}}],"overallFeedback":[{"from":0,"to":100}],"UI":{"checkAnswerButton":"Revisar","showSolutionButton":"Mostrar solución","tryAgainButton":"Reintentar","tipsLabel":"Mostrar tip","scoreBarLabel":"Obtuvo :num puntos de :total","tipAvailable":"Tip disponible","feedbackAvailable":"Feedback disponible","readFeedback":"Leer feedback","wrongAnswer":"Respuesta incorrecta","correctAnswer":"Respuesta correcta","shouldCheck":"Esa opción debió haber sido seleccionada","shouldNotCheck":"No se debió haber seleccionada","noInput":"Por favor, contestá antes de ver la solución"},"behaviour":{"enableRetry":true,"enableSolutionsButton":true,"enableCheckButton":true,"type":"single","singlePoint":true,"randomAnswers":false,"showSolutionsRequiresInput":true,"disableImageZooming":false,"confirmCheckDialog":false,"confirmRetryDialog":false,"autoCheck":true,"passPercentage":70,"showScorePoints":true},"confirmCheck":{"header":"¿Finalizar?","body":"<p>¿De verdad querés finalizar?</p>\n","cancelLabel":"Cancelar","confirmLabel":"Finalizar"},"confirmRetry":{"header":"¿Reintentar?","body":"<p>¿De verdad querés reintentarlo?</p>\n","cancelLabel":"Cancelar","confirmLabel":"Confirmar"},"question":"Almacenar y compartir contenidos a través de la sincronización de computadoras y/o dispositivos móviles.","media":{"params":{}}},"library":"H5P.MultiChoice 1.12","subContentId":"85174a5d-53fd-4733-a6ad-0c4f5b4b9ada"},{"library":"H5P.MultiChoice 1.12","params":{"question":"Le permitirá tener un mayor control de las tareas que tiene asignadas, además de catalogarlas por fecha y estar al día con sus actividades.","answers":[{"text":"Dropbox","correct":false,"tipsAndFeedback":{"tip":"","chosenFeedback":"","notChosenFeedback":""}},{"text":"Gmail","correct":false,"tipsAndFeedback":{"tip":"","chosenFeedback":"","notChosenFeedback":""}},{"text":"Wunderlist","correct":true,"tipsAndFeedback":{"tip":"","chosenFeedback":"Wunderlist le da un mayor control de las tareas que tiene asignadas, además de catalogarlas por fecha y estar al día con sus actividades.","notChosenFeedback":""}},{"text":"Prezi","correct":false,"tipsAndFeedback":{"tip":"","chosenFeedback":"","notChosenFeedback":""}},{"text":"Lync","correct":false,"tipsAndFeedback":{"tip":"","chosenFeedback":"","notChosenFeedback":""}}],"behaviour":{"enableRetry":true,"enableSolutionsButton":true,"enableCheckButton":true,"type":"single","singlePoint":true,"randomAnswers":false,"showSolutionsRequiresInput":true,"disableImageZooming":false,"confirmCheckDialog":false,"confirmRetryDialog":false,"autoCheck":true,"passPercentage":100,"showScorePoints":true},"overallFeedback":[{"from":0,"to":100}],"UI":{"checkAnswerButton":"Revisar","showSolutionButton":"Mostrar solución","tryAgainButton":"Reintentar","tipsLabel":"Mostrar tip","scoreBarLabel":"Obtuvo :num puntos de :total","tipAvailable":"Tip disponible","feedbackAvailable":"Feedback disponible","readFeedback":"Leer feedback","wrongAnswer":"Respuesta incorrecta","correctAnswer":"Respuesta correcta","shouldCheck":"Esa opción debió haber sido seleccionada","shouldNotCheck":"No se debió haber seleccionada","noInput":"Por favor, contestá antes de ver la solución"},"confirmCheck":{"header":"¿Finalizar?","body":"<p>¿De verdad querés finalizar?</p>\n","cancelLabel":"Cancelar","confirmLabel":"Finalizar"},"confirmRetry":{"header":"¿Reintentar?","body":"<p>¿De verdad querés reintentarlo?</p>\n","cancelLabel":"Cancelar","confirmLabel":"Confirmar"},"media":{"params":{}}},"subContentId":"e93a562e-89fb-4f56-941e-d3a86314871d"},{"library":"H5P.MultiChoice 1.12","params":{"question":"Elabora presentaciones dinámicas.","answers":[{"text":"Dropbox","correct":false,"tipsAndFeedback":{"tip":"","chosenFeedback":"","notChosenFeedback":""}},{"text":"Gmail","correct":false,"tipsAndFeedback":{"tip":"","chosenFeedback":"","notChosenFeedback":""}},{"text":"Wunderlist&nbsp;","correct":false,"tipsAndFeedback":{"tip":"","chosenFeedback":"","notChosenFeedback":""}},{"text":"Prezi","correct":true,"tipsAndFeedback":{"tip":"","chosenFeedback":"Prezi le facilita la elaboración de presentaciones dinámicas.","notChosenFeedback":""}},{"text":"Lync","correct":false,"tipsAndFeedback":{"tip":"","chosenFeedback":"","notChosenFeedback":""}}],"behaviour":{"enableRetry":true,"enableSolutionsButton":true,"enableCheckButton":true,"type":"single","singlePoint":true,"randomAnswers":false,"showSolutionsRequiresInput":true,"disableImageZooming":false,"confirmCheckDialog":false,"confirmRetryDialog":false,"autoCheck":true,"passPercentage":100,"showScorePoints":true},"overallFeedback":[{"from":0,"to":100}],"UI":{"checkAnswerButton":"Revisar","showSolutionButton":"Mostrar solución","tryAgainButton":"Reintentar","tipsLabel":"Mostrar tip","scoreBarLabel":"Obtuvo :num puntos de :total","tipAvailable":"Tip disponible","feedbackAvailable":"Feedback disponible","readFeedback":"Leer feedback","wrongAnswer":"Respuesta incorrecta","correctAnswer":"Respuesta correcta","shouldCheck":"Esa opción debió haber sido seleccionada","shouldNotCheck":"No se debió haber seleccionada","noInput":"Por favor, contestá antes de ver la solución"},"confirmCheck":{"header":"¿Finalizar?","body":"<p>¿De verdad querés finalizar?</p>\n","cancelLabel":"Cancelar","confirmLabel":"Finalizar"},"confirmRetry":{"header":"¿Reintentar?","body":"<p>¿De verdad querés reintentarlo?</p>\n","cancelLabel":"Cancelar","confirmLabel":"Confirmar"},"media":{"params":{}}},"subContentId":"a9ee3826-554d-49f6-b237-88e77aa18388"},{"library":"H5P.MultiChoice 1.12","params":{"question":"Le permite sincronizar sus cuentas de correo electrónico institucionales con las comerciales.","answers":[{"text":"Dropbox","correct":false,"tipsAndFeedback":{"tip":"","chosenFeedback":"","notChosenFeedback":""}},{"text":"Gmail","correct":true,"tipsAndFeedback":{"tip":"","chosenFeedback":"Gmail le permite sincronizar sus cuentas de correo electrónico institucionales con las comerciales.","notChosenFeedback":""}},{"text":"Wunderlist&nbsp;","correct":false,"tipsAndFeedback":{"tip":"","chosenFeedback":"","notChosenFeedback":""}},{"text":"Prezi","correct":false,"tipsAndFeedback":{"tip":"","chosenFeedback":"","notChosenFeedback":""}},{"text":"Lync","correct":false,"tipsAndFeedback":{"tip":"","chosenFeedback":"","notChosenFeedback":""}}],"behaviour":{"enableRetry":true,"enableSolutionsButton":true,"enableCheckButton":true,"type":"single","singlePoint":true,"randomAnswers":false,"showSolutionsRequiresInput":true,"disableImageZooming":false,"confirmCheckDialog":false,"confirmRetryDialog":false,"autoCheck":true,"passPercentage":100,"showScorePoints":true},"overallFeedback":[{"from":0,"to":100}],"UI":{"checkAnswerButton":"Revisar","showSolutionButton":"Mostrar solución","tryAgainButton":"Reintentar","tipsLabel":"Mostrar tip","scoreBarLabel":"Obtuvo :num puntos de :total","tipAvailable":"Tip disponible","feedbackAvailable":"Feedback disponible","readFeedback":"Leer feedback","wrongAnswer":"Respuesta incorrecta","correctAnswer":"Respuesta correcta","shouldCheck":"Esa opción debió haber sido seleccionada","shouldNotCheck":"No se debió haber seleccionada","noInput":"Por favor, contestá antes de ver la solución"},"confirmCheck":{"header":"¿Finalizar?","body":"<p>¿De verdad querés finalizar?</p>\n","cancelLabel":"Cancelar","confirmLabel":"Finalizar"},"confirmRetry":{"header":"¿Reintentar?","body":"<p>¿De verdad querés reintentarlo?</p>\n","cancelLabel":"Cancelar","confirmLabel":"Confirmar"},"media":{"params":{}}},"subContentId":"6f8b3d69-7791-4231-9376-b02725562ffa"},{"library":"H5P.MultiChoice 1.12","params":{"question":"Se sincroniza con Outlook y permite conferencias de audio y video y reuniones en línea con uso compartido del escritorio.","answers":[{"text":"Dropbox","correct":false,"tipsAndFeedback":{"tip":"","chosenFeedback":"","notChosenFeedback":""}},{"text":"Gmail","correct":false,"tipsAndFeedback":{"tip":"","chosenFeedback":"","notChosenFeedback":""}},{"text":"Wunderlist&nbsp;","correct":false,"tipsAndFeedback":{"tip":"","chosenFeedback":"","notChosenFeedback":""}},{"text":"Prezi","correct":false,"tipsAndFeedback":{"tip":"","chosenFeedback":"","notChosenFeedback":""}},{"text":"Lync","correct":true,"tipsAndFeedback":{"tip":"","chosenFeedback":"Lynk es una herramienta que se sincroniza con Outlook y le permite realizar conferencias de audio, video y reuniones en línea con uso compartido del escritorio.","notChosenFeedback":""}}],"behaviour":{"enableRetry":true,"enableSolutionsButton":true,"enableCheckButton":true,"type":"single","singlePoint":true,"randomAnswers":false,"showSolutionsRequiresInput":true,"disableImageZooming":false,"confirmCheckDialog":false,"confirmRetryDialog":false,"autoCheck":true,"passPercentage":100,"showScorePoints":true},"overallFeedback":[{"from":0,"to":100}],"UI":{"checkAnswerButton":"Revisar","showSolutionButton":"Mostrar solución","tryAgainButton":"Reintentar","tipsLabel":"Mostrar tip","scoreBarLabel":"Obtuvo :num puntos de :total","tipAvailable":"Tip disponible","feedbackAvailable":"Feedback disponible","readFeedback":"Leer feedback","wrongAnswer":"Respuesta incorrecta","correctAnswer":"Respuesta correcta","shouldCheck":"Esa opción debió haber sido seleccionada","shouldNotCheck":"No se debió haber seleccionada","noInput":"Por favor, contestá antes de ver la solución"},"confirmCheck":{"header":"¿Finalizar?","body":"<p>¿De verdad querés finalizar?</p>\n","cancelLabel":"Cancelar","confirmLabel":"Finalizar"},"confirmRetry":{"header":"¿Reintentar?","body":"<p>¿De verdad querés reintentarlo?</p>\n","cancelLabel":"Cancelar","confirmLabel":"Confirmar"},"media":{"params":{}}},"subContentId":"e63179e4-a54d-4e18-bba4-bd24c26c6a0f"}]}